consequent,antecedent,abs_support,%_support,confidence,lift
Is_wargames,"('PlaytimeBin_VeryLong(>120m)', 'MinPlayersBin_Duo')",628,3.979973382343621,0.7040358744394619,4.935131969249342
MaxPlayersBin_Solo/Duo,"('Is_wargames', 'PopularityBin_MedPop', 'MinPlayersBin_Duo')",586,3.7137968185563093,0.7417721518987341,3.5969338613430013
MaxPlayersBin_Solo/Duo,"('Is_wargames', 'PopularityBin_MedPop')",785,4.974966727929527,0.7405660377358491,3.5910852825549977
MaxPlayersBin_Solo/Duo,"('Is_wargames', 'WeightBin_Medium')",930,5.893909626719057,0.7008289374529013,3.3983957603163275
PopularityBin_HighPop,"('Is_strategygames', 'HasExpansions')",781,4.949616578997402,0.8935926773455377,2.682137883932897
PopularityBin_HighPop,"('Is_strategygames', 'MaxPlayersBin_SmallGroup')",700,4.436276063121871,0.8464328899637243,2.540586754943429
PopularityBin_HighPop,"('Is_strategygames', 'WeightBin_Medium')",889,5.634070600164776,0.8148487626031164,2.44578630875301
PopularityBin_HighPop,"('Is_strategygames',)",1454,9.21477913682743,0.8082267926625903,2.4259103217468163
PopularityBin_HighPop,"('Is_strategygames', 'MinPlayersBin_Duo')",925,5.8622219405539004,0.8064516129032258,2.420582081034811
PopularityBin_HighPop,"('Is_thematic',)",742,4.702452626909183,0.7785939139559287,2.336966590890355
PopularityBin_HighPop,"('Is_familygames', 'Rating_2', 'WeightBin_Easy')",633,4.0116610685087775,0.7776412776412777,2.334107232243051
PopularityBin_HighPop,"('Is_familygames', 'Rating_2')",832,5.272830977881996,0.7761194029850746,2.3295392923152924
PopularityBin_HighPop,"('Is_strategygames', 'Rating_2')",704,4.461626212053996,0.7727771679473107,2.31950750105395
PopularityBin_HighPop,"('Is_familygames',)",1392,8.821851828379492,0.754880694143167,2.2657908451369666
PopularityBin_HighPop,"('Is_familygames', 'MaxPlayersBin_MidGroup')",706,4.474301286520058,0.7534685165421559,2.261552163309621
PopularityBin_HighPop,"('Is_familygames', 'MinPlayersBin_Duo')",1023,6.4833005893909625,0.7505502567865003,2.2527929430919134
Rating_1,"('YearBin_Old', 'PopularityBin_LowPop', 'WeightBin_Easy')",623,3.948285696178465,0.7355371900826446,2.224658102801236
PopularityBin_HighPop,"('Is_familygames', 'WeightBin_Easy')",1042,6.603713796818557,0.7411095305832148,2.2244563977691736
PopularityBin_HighPop,"('Is_familygames', 'WeightBin_Easy', 'MinPlayersBin_Duo')",780,4.94327904176437,0.7407407407407407,2.223349467024567
PopularityBin_HighPop,"('Is_familygames', 'PlaytimeBin_Short(<30m)', 'WeightBin_Easy')",649,4.113061664237278,0.7292134831460674,2.188750152284915
PopularityBin_HighPop,"('Is_familygames', 'PlaytimeBin_Short(<30m)')",692,4.385575765257621,0.7208333333333333,2.1635969500982815
Rating_1,"('YearBin_Old', 'WeightBin_Easy', 'MinPlayersBin_Duo')",1103,6.990303568033463,0.7088688946015425,2.1439989051021158
Rating_1,"('YearBin_Old', 'PlaytimeBin_Short(<30m)', 'WeightBin_Easy', 'MinPlayersBin_Duo')",571,3.6187337600608402,0.7075588599752168,2.1400366592963285
Rating_1,"('YearBin_Old', 'PlaytimeBin_Short(<30m)', 'MinPlayersBin_Duo')",835,5.291843589581089,0.7034540859309183,2.1276216258201956
PopularityBin_HighPop,"('Rating_3', 'HasExpansions', 'WeightBin_Medium')",605,3.8342100259839027,0.7067757009345794,2.121402660271396
PopularityBin_HighPop,"('Rating_3', 'HasExpansions')",1213,7.687432663666899,0.7044134727061556,2.1143123807933097
WeightBin_Easy,"('Is_familygames', 'PlaytimeBin_Short(<30m)')",890,5.640408137397808,0.9270833333333334,1.9701613355780023
MaxPlayersBin_MidGroup,"('MinPlayersBin_Group', 'Rating_1')",649,4.113061664237278,0.787621359223301,1.9355049723071898
MaxPlayersBin_MidGroup,"('MinPlayersBin_Group',)",1697,10.754800684454022,0.7696145124716554,1.891254850068564
MaxPlayersBin_MidGroup,"('MinPlayersBin_Group', 'WeightBin_Easy')",964,6.109385892642119,0.7681274900398406,1.8876006331317
MaxPlayersBin_MidGroup,"('MinPlayersBin_Group', 'PlaytimeBin_Short(<30m)')",691,4.379238228024589,0.7652270210409745,1.8804730049845098
MaxPlayersBin_MidGroup,"('MinPlayersBin_Group', 'Rating_2')",853,5.405919259775651,0.7609277430865299,1.8699079361723026
MaxPlayersBin_MidGroup,"('MinPlayersBin_Group', 'PlaytimeBin_Medium(30-60m)')",633,4.0116610685087775,0.7589928057553957,1.8651530107482306
PlaytimeBin_Short(<30m),"('Is_abstracts',)",600,3.8025223398187467,0.7389162561576355,1.8361196229781622
PlaytimeBin_Short(<30m),"('MaxPlayersBin_Solo/Duo', 'WeightBin_Easy', 'MinPlayersBin_Duo')",615,3.897585398314215,0.7252358490566038,1.8021254271282128
WeightBin_Easy,"('PopularityBin_HighPop', 'PlaytimeBin_Short(<30m)', 'MinPlayersBin_Duo')",967,6.128398504341213,0.8300429184549356,1.76393901822228
WeightBin_Easy,"('PopularityBin_HighPop', 'PlaytimeBin_Short(<30m)', 'Rating_2')",798,5.057354711958933,0.8295218295218295,1.7628316428316428
PlaytimeBin_Short(<30m),"('MaxPlayersBin_Solo/Duo', 'WeightBin_Easy')",776,4.917928892832245,0.7067395264116576,1.7561642499605583
WeightBin_Easy,"('PopularityBin_HighPop', 'PlaytimeBin_Short(<30m)')",1365,8.650738323087648,0.8217940999397954,1.746409306794617
WeightBin_Easy,"('Is_familygames', 'MaxPlayersBin_MidGroup')",743,4.708790164142215,0.7929562433297759,1.685125463097715
WeightBin_Easy,"('Is_familygames', 'MinPlayersBin_Duo')",1053,6.673426706381901,0.772560528246515,1.6417821650103381
WeightBin_Easy,"('Is_familygames',)",1406,8.91057734964193,0.762472885032538,1.6203447344011335
WeightBin_Easy,"('Is_familygames', 'PopularityBin_HighPop', 'MinPlayersBin_Duo')",780,4.94327904176437,0.7624633431085044,1.620324456688093
WeightBin_Easy,"('Is_familygames', 'PopularityBin_HighPop', 'Rating_2')",633,4.0116610685087775,0.7608173076923077,1.6168264374514374
WeightBin_Easy,"('Is_familygames', 'Rating_2')",814,5.158755307687433,0.7593283582089553,1.6136622443338862
WeightBin_Easy,"('Is_familygames', 'PopularityBin_HighPop')",1042,6.603713796818557,0.7485632183908046,1.5907850536011456
WeightBin_Easy,"('PlaytimeBin_Short(<30m)', 'MaxPlayersBin_MidGroup', 'Rating_2')",897,5.684770898029027,0.7468776019983348,1.5872029201254847
WeightBin_Easy,"('YearBin_Classic', 'PlaytimeBin_Short(<30m)', 'MaxPlayersBin_MidGroup')",611,3.8722352493820904,0.7424058323207776,1.5776998825844513
WeightBin_Easy,"('PopularityBin_MedPop', 'PlaytimeBin_Short(<30m)', 'MaxPlayersBin_MidGroup')",599,3.796184802585715,0.7358722358722358,1.5638152201788564
WeightBin_Easy,"('Rating_1', 'PopularityBin_MedPop', 'PlaytimeBin_Short(<30m)')",673,4.265162557830028,0.7339149400218102,1.559655735838942
WeightBin_Easy,"('HasExpansions', 'PlaytimeBin_Short(<30m)')",825,5.228468217250777,0.7243195785776997,1.539264462003707
WeightBin_Easy,"('YearBin_Classic', 'PlaytimeBin_Short(<30m)', 'Rating_2')",622,3.9419481589454337,0.7190751445086705,1.528119421576069
WeightBin_Easy,"('YearBin_Modern', 'PlaytimeBin_Short(<30m)', 'Rating_2')",720,4.563026807782496,0.7178464606181456,1.5255083235143057
WeightBin_Easy,"('PlaytimeBin_Short(<30m)', 'MaxPlayersBin_MidGroup', 'MinPlayersBin_Duo')",1203,7.6240572913365865,0.7160714285714286,1.5217361712361712
WeightBin_Easy,"('PopularityBin_MedPop', 'PlaytimeBin_Short(<30m)', 'MinPlayersBin_Duo')",1029,6.52132581278915,0.7126038781163435,1.5143672178852234
WeightBin_Easy,"('PopularityBin_MedPop', 'PlaytimeBin_Short(<30m)')",1431,9.06901578046771,0.7091179385530227,1.5069591855122082
WeightBin_Easy,"('PopularityBin_MedPop', 'PlaytimeBin_Short(<30m)', 'Rating_2')",673,4.265162557830028,0.708421052631579,1.5054782208045365
WeightBin_Easy,"('PlaytimeBin_Short(<30m)', 'MaxPlayersBin_MidGroup')",1828,11.585018061981115,0.7077042198993418,1.503954866773295
WeightBin_Easy,"('PlaytimeBin_Short(<30m)', 'Rating_2', 'MinPlayersBin_Duo')",1459,9.246466822992586,0.7048309178743961,1.4978487613656695
WeightBin_Easy,"('PlaytimeBin_Short(<30m)', 'Rating_2')",2049,12.985613790481018,0.7043657614300447,1.4968602491050067
WeightBin_Easy,"('MinPlayersBin_Group', 'PlaytimeBin_Short(<30m)')",635,4.02433614297484,0.7032115171650055,1.4944073440197472
MinPlayersBin_Duo,"('PopularityBin_LowPop', 'Rating_1', 'MaxPlayersBin_SmallGroup')",833,5.2791685151150265,0.9015151515151515,1.3011074339849606
MinPlayersBin_Duo,"('Rating_1', 'MaxPlayersBin_SmallGroup', 'PlaytimeBin_Short(<30m)')",939,5.950947461816338,0.8858490566037736,1.2784974173740915
MinPlayersBin_Duo,"('Rating_1', 'MaxPlayersBin_SmallGroup')",1570,9.949933455859053,0.88351153629713,1.2751238023627929
MinPlayersBin_Duo,"('Is_abstracts',)",715,4.531339121617339,0.8805418719211823,1.2708378484445564
MinPlayersBin_Duo,"('Rating_1', 'MaxPlayersBin_SmallGroup', 'WeightBin_Easy')",917,5.811521642689651,0.875,1.2628395682795208
MinPlayersBin_Duo,"('PopularityBin_LowPop', 'MaxPlayersBin_SmallGroup', 'PlaytimeBin_Short(<30m)')",849,5.380569110843527,0.8734567901234568,1.2606123380003682
MinPlayersBin_Duo,"('MaxPlayersBin_Solo/Duo', 'YearBin_Old')",1082,6.857215286139806,0.864908073541167,1.2482744436482278
MinPlayersBin_Duo,"('PopularityBin_LowPop', 'MaxPlayersBin_SmallGroup')",1476,9.354204955954117,0.8561484918793504,1.2356322192778075
MinPlayersBin_Duo,"('PopularityBin_LowPop', 'MaxPlayersBin_SmallGroup', 'WeightBin_Easy')",736,4.664427403510995,0.8528389339513326,1.2308557156149342
MinPlayersBin_Duo,"('Is_wargames', 'MaxPlayersBin_Solo/Duo', 'YearBin_Old')",676,4.284175169529121,0.8524590163934426,1.2303074014151771
MinPlayersBin_Duo,"('YearBin_Old', 'MaxPlayersBin_SmallGroup')",996,6.3121870840991186,0.8426395939086294,1.216135566842062
MinPlayersBin_Duo,"('Is_wargames', 'YearBin_Old')",967,6.128398504341213,0.8372294372294372,1.208327384070547
MinPlayersBin_Duo,"('YearBin_Classic', 'MaxPlayersBin_SmallGroup')",1181,7.484631472209899,0.8369950389794472,1.2079890899164636
MinPlayersBin_Duo,"('MaxPlayersBin_SmallGroup', 'PlaytimeBin_Short(<30m)')",1846,11.699093732175676,0.8319062640829202,1.2006447398668616
MinPlayersBin_Duo,"('MaxPlayersBin_SmallGroup', 'PlaytimeBin_Short(<30m)', 'WeightBin_Easy')",1175,7.446606248811712,0.8245614035087719,1.1900443049451122
MinPlayersBin_Duo,"('MaxPlayersBin_Solo/Duo', 'PopularityBin_LowPop')",935,5.925597312884213,0.8173076923076923,1.1795754209204314
MinPlayersBin_Duo,"('PlaytimeBin_Medium(30-60m)', 'MaxPlayersBin_SmallGroup', 'WeightBin_Easy')",743,4.708790164142215,0.8120218579234972,1.1719466657070212
MinPlayersBin_Duo,"('MaxPlayersBin_SmallGroup', 'WeightBin_Easy')",2017,12.782812599024018,0.8077693231878253,1.1658092152730903
MinPlayersBin_Duo,"('YearBin_Old', 'Rating_1', 'PlaytimeBin_Short(<30m)')",835,5.291843589581089,0.8075435203094777,1.1654833263480517
MinPlayersBin_Duo,"('YearBin_Old', 'PopularityBin_LowPop', 'Rating_1')",904,5.729133658660245,0.804986642920748,1.1617931252763636
MinPlayersBin_Duo,"('MaxPlayersBin_Solo/Duo', 'PlaytimeBin_Short(<30m)')",975,6.179098802205463,0.8004926108374384,1.1553071349495967
MinPlayersBin_Duo,"('MaxPlayersBin_SmallGroup', 'PlaytimeBin_Short(<30m)', 'Rating_2')",785,4.974966727929527,0.7993890020366599,1.15371435682214
MinPlayersBin_Duo,"('YearBin_Old', 'PlaytimeBin_Short(<30m)')",1187,7.522656695608086,0.7971793149764943,1.1505252365328915
MinPlayersBin_Duo,"('YearBin_Old', 'Rating_1')",1844,11.686418657709615,0.7927773000859846,1.1441720495798728
MinPlayersBin_Duo,"('PopularityBin_LowPop', 'Rating_1', 'PlaytimeBin_Short(<30m)')",1188,7.528994232841119,0.7925283522348232,1.1438127567834333
MinPlayersBin_Duo,"('PlaytimeBin_Long(60-120m)', 'YearBin_Old')",751,4.759490462006465,0.7913593256059009,1.142125564688147
MinPlayersBin_Duo,"('YearBin_Classic', 'PopularityBin_LowPop', 'Rating_1')",667,4.22713733443184,0.7912218268090154,1.1419271202066636
MinPlayersBin_Duo,"('YearBin_Old', 'PopularityBin_LowPop')",1339,8.485962355028835,0.7895047169811321,1.1394489096538263
MinPlayersBin_Duo,"('PopularityBin_LowPop', 'Rating_1')",2030,12.865200583053426,0.7889623008161679,1.1386660701160078
MinPlayersBin_Duo,"('MaxPlayersBin_Solo/Duo', 'YearBin_Classic')",675,4.277837632296089,0.7885514018691588,1.138073042174468
MinPlayersBin_Duo,"('YearBin_Old', 'Rating_1', 'PopularityBin_MedPop')",657,4.163761962101527,0.7877697841726619,1.1369449761694348
MinPlayersBin_Duo,"('PlaytimeBin_Medium(30-60m)', 'MaxPlayersBin_SmallGroup')",1497,9.487293237847773,0.7850026219192449,1.1329512824717611
MinPlayersBin_Duo,"('Rating_1', 'WeightBin_Medium')",689,4.366563153558527,0.784738041002278,1.1325694273278097
MinPlayersBin_Duo,"('PopularityBin_MedPop', 'MaxPlayersBin_SmallGroup', 'WeightBin_Easy')",709,4.493313898219152,0.7842920353982301,1.1319257318712772
MinPlayersBin_Duo,"('YearBin_Old', 'PlaytimeBin_Short(<30m)', 'WeightBin_Easy')",807,5.114392547056214,0.7827352085354026,1.1296788489417466
MinPlayersBin_Duo,"('YearBin_Old', 'WeightBin_Medium')",1041,6.597376259585524,0.7791916167664671,1.1245645770564423
MinPlayersBin_Duo,"('MaxPlayersBin_Solo/Duo',)",2532,16.04664427403511,0.778119237861094,1.1230168713262785
MinPlayersBin_Duo,"('YearBin_Classic', 'PopularityBin_LowPop', 'PlaytimeBin_Short(<30m)')",718,4.550351733316433,0.7778981581798483,1.1226977991328846
MinPlayersBin_Duo,"('Is_wargames', 'Rating_2')",762,4.829203371569808,0.7775510204081633,1.1221967942029094
MinPlayersBin_Duo,"('MaxPlayersBin_Solo/Duo', 'Rating_2')",1128,7.148741998859243,0.777394900068918,1.1219714742694098
MinPlayersBin_Duo,"('MaxPlayersBin_SmallGroup', 'Rating_2', 'WeightBin_Easy')",886,5.615057988465682,0.7771929824561403,1.1216800576397548
MinPlayersBin_Duo,"('YearBin_Old', 'PopularityBin_MedPop')",1182,7.49096900944293,0.7766097240473062,1.1208382727286603
MinPlayersBin_Duo,"('PlaytimeBin_Medium(30-60m)', 'MaxPlayersBin_SmallGroup', 'Rating_2')",705,4.467963749287027,0.7755775577557755,1.1193486036612441
MinPlayersBin_Duo,"('YearBin_Classic', 'Rating_1', 'PlaytimeBin_Short(<30m)')",815,5.165092844920464,0.7754519505233112,1.1191673216232805
MinPlayersBin_Duo,"('MaxPlayersBin_Solo/Duo', 'PopularityBin_HighPop')",612,3.878572786615121,0.7746835443037975,1.1180583230192647
MinPlayersBin_Duo,"('Rating_1', 'PlaytimeBin_Short(<30m)')",2178,13.803156093542048,0.7726144022703086,1.1150720436680874
MinPlayersBin_Duo,"('MaxPlayersBin_Solo/Duo', 'WeightBin_Easy')",848,5.374231573610495,0.7723132969034608,1.1146374747863999
MinPlayersBin_Duo,"('PopularityBin_LowPop', 'Rating_1', 'WeightBin_Easy')",1033,6.5466759617212755,0.7714712471994025,1.113422190575265
MinPlayersBin_Duo,"('YearBin_Old',)",3270,20.72374675201217,0.7714083510261854,1.1133314159738572
MinPlayersBin_Duo,"('YearBin_Old', 'Rating_1', 'WeightBin_Easy')",1103,6.990303568033463,0.7713286713286713,1.113216418631218
MinPlayersBin_Duo,"('YearBin_Classic', 'Rating_1')",1294,8.200773179542429,0.7661338069863824,1.105718955496033
MinPlayersBin_Duo,"('Is_wargames', 'PlaytimeBin_Long(60-120m)')",685,4.341213004626402,0.7653631284916201,1.1046066774416239
MinPlayersBin_Duo,"('MaxPlayersBin_Solo/Duo', 'WeightBin_Medium')",1153,7.307180429685024,0.7650962176509621,1.1042214596464404
MinPlayersBin_Duo,"('YearBin_Classic', 'PopularityBin_LowPop')",1172,7.4275936371126186,0.7650130548302873,1.1041014353029455
MinPlayersBin_Duo,"('Rating_1',)",3991,25.293111097027694,0.7649990415947863,1.1040812107677795
MinPlayersBin_Duo,"('PopularityBin_LowPop', 'PlaytimeBin_Short(<30m)')",2041,12.93491349261677,0.7641332834144515,1.102831709411564
MinPlayersBin_Duo,"('Rating_1', 'PlaytimeBin_Short(<30m)', 'WeightBin_Easy')",1385,8.777489067748274,0.7639271924986211,1.102534269682223
MinPlayersBin_Duo,"('MaxPlayersBin_SmallGroup',)",4167,26.408517650041198,0.762209621364551,1.1000553933514359
MinPlayersBin_Duo,"('PopularityBin_MedPop', 'MaxPlayersBin_SmallGroup')",1321,8.371886684834273,0.7605066206102475,1.097597545651614
MinPlayersBin_Duo,"('MaxPlayersBin_SmallGroup', 'Rating_2')",1825,11.56600545028202,0.758520365752286,1.0947308928203896
MinPlayersBin_Duo,"('YearBin_Modern', 'MaxPlayersBin_SmallGroup')",1191,7.548006844540211,0.7576335877862596,1.0934510547589307
MinPlayersBin_Duo,"('YearBin_Old', 'PopularityBin_LowPop', 'WeightBin_Easy')",640,4.056023829139996,0.755608028335301,1.0905276757617046
MinPlayersBin_Duo,"('YearBin_Classic', 'Rating_1', 'WeightBin_Easy')",805,5.101717472590152,0.7551594746716698,1.0898803028303556
MinPlayersBin_Duo,"('PopularityBin_LowPop', 'PlaytimeBin_Short(<30m)', 'WeightBin_Easy')",1095,6.939603270169211,0.7546519641626465,1.0891478407136557
MinPlayersBin_Duo,"('Is_wargames', 'MaxPlayersBin_Solo/Duo')",1161,7.357880727549275,0.7538961038961038,1.088056948996307
MinPlayersBin_Duo,"('Is_wargames', 'WeightBin_Medium')",1000,6.337537233031244,0.7535795026375283,1.0876000157429395
MinPlayersBin_Duo,"('YearBin_Old', 'WeightBin_Easy')",1556,9.861207934596617,0.7524177949709865,1.0859233867051308
MinPlayersBin_Duo,"('Is_wargames',)",1693,10.729450535521897,0.7521101732563306,1.0854794131356114
MinPlayersBin_Duo,"('YearBin_Old', 'Rating_2')",1227,7.776158184929336,0.7518382352941176,1.0850869399712688
MinPlayersBin_Duo,"('PopularityBin_LowPop', 'WeightBin_Medium')",873,5.532670004436277,0.7512908777969018,1.0842969688792934
MinPlayersBin_Duo,"('PlaytimeBin_VeryLong(>120m)', 'Is_wargames')",628,3.979973382343621,0.7511961722488039,1.084160285549609
MinPlayersBin_Duo,"('Rating_1', 'WeightBin_Easy')",2336,14.804486976360987,0.7511254019292605,1.0840581466241472
MinPlayersBin_Duo,"('YearBin_Modern', 'MaxPlayersBin_SmallGroup', 'Rating_2')",639,4.049686291906965,0.75,1.0824339156681606
MinPlayersBin_Duo,"('YearBin_Classic', 'PlaytimeBin_Short(<30m)')",1502,9.51898092401293,0.7498751872191712,1.0822537802187233
MinPlayersBin_Duo,"('Is_wargames', 'MaxPlayersBin_Solo/Duo', 'WeightBin_Medium')",697,4.4172634514227775,0.7494623655913979,1.0816579773773591
MinPlayersBin_Duo,"('Is_familygames', 'WeightBin_Easy')",1053,6.673426706381901,0.7489331436699858,1.0808941803684904
MinPlayersBin_Duo,"('Is_familygames', 'PopularityBin_HighPop', 'WeightBin_Easy')",780,4.94327904176437,0.7485604606525912,1.0803563073847284
MinPlayersBin_Duo,"('MaxPlayersBin_Solo/Duo', 'PopularityBin_MedPop')",985,6.242474174535776,0.7462121212121212,1.0769670777102407
MinPlayersBin_Duo,"('PlaytimeBin_Medium(30-60m)', 'WeightBin_Medium', 'MaxPlayersBin_SmallGroup')",639,4.049686291906965,0.7456242707117853,1.0761186652850325
MinPlayersBin_Duo,"('Is_wargames', 'PopularityBin_MedPop')",790,5.006654414094683,0.7452830188679245,1.0756261551922601
MinPlayersBin_Duo,"('Is_familygames', 'PlaytimeBin_Short(<30m)')",714,4.5250015843843086,0.74375,1.0734136330375925
MinPlayersBin_Duo,"('Is_familygames', 'Rating_2', 'WeightBin_Easy')",605,3.8342100259839027,0.7432432432432432,1.0726822587702494
MinPlayersBin_Duo,"('Is_familygames', 'PlaytimeBin_Short(<30m)', 'WeightBin_Easy')",661,4.189112111033652,0.7426966292134831,1.071893360684126
MinPlayersBin_Duo,"('PopularityBin_MedPop', 'MaxPlayersBin_SmallGroup', 'Rating_2')",617,3.9102604727802777,0.7424789410348978,1.0715791832607382
MinPlayersBin_Duo,"('PopularityBin_LowPop',)",3912,24.792445655618227,0.7420333839150227,1.0709361350768447
MinPlayersBin_Duo,"('Rating_1', 'PlaytimeBin_Medium(30-60m)')",1174,7.440268711578681,0.7416298168035376,1.070353688771885
MinPlayersBin_Duo,"('YearBin_Classic', 'HasExpansions')",734,4.651752329044933,0.7391742195367573,1.0668096597521717
MinPlayersBin_Duo,"('Is_familygames',)",1363,8.638063248621586,0.7391540130151844,1.0667804967864807
MinPlayersBin_Duo,"('Rating_1', 'PopularityBin_MedPop', 'PlaytimeBin_Short(<30m)')",677,4.2905127067621525,0.7382769901853872,1.0655147377787637
MinPlayersBin_Duo,"('YearBin_Classic', 'WeightBin_Medium')",969,6.1410735788072754,0.7374429223744292,1.0643109733966998
MinPlayersBin_Duo,"('YearBin_Classic', 'PlaytimeBin_Medium(30-60m)')",953,6.039672983078775,0.737045630317092,1.06373758353365
MinPlayersBin_Duo,"('YearBin_Classic', 'PlaytimeBin_Short(<30m)', 'WeightBin_Easy')",1011,6.407250142594588,0.7363437727603788,1.0627246309691774
MinPlayersBin_Duo,"('YearBin_Classic',)",3117,19.754103555358387,0.7361832782239017,1.062492997996428
MinPlayersBin_Duo,"('MaxPlayersBin_SmallGroup', 'PopularityBin_HighPop', 'Rating_2')",704,4.461626212053996,0.735632183908046,1.0616976337588089
MinPlayersBin_Duo,"('Rating_1', 'PopularityBin_MedPop')",1377,8.726788769884022,0.7355769230769231,1.0616178788283883
MinPlayersBin_Duo,"('Is_familygames', 'PopularityBin_HighPop')",1023,6.4833005893909625,0.7349137931034483,1.0606608196633414
MinPlayersBin_Duo,"('YearBin_Old', 'PopularityBin_HighPop')",749,4.746815387540402,0.7335945151811949,1.0587567781070222
MinPlayersBin_Duo,"('Is_familygames', 'Rating_2')",786,4.981304265162558,0.7332089552238806,1.0582003205412616
MinPlayersBin_Duo,"('PlaytimeBin_Short(<30m)',)",4650,29.469548133595286,0.7322834645669292,1.0568646105736372
MinPlayersBin_Duo,"('WeightBin_Medium', 'MaxPlayersBin_SmallGroup', 'Rating_2')",666,4.220799797198809,0.7310647639956093,1.0551057267983828
MinPlayersBin_Duo,"('PopularityBin_LowPop', 'PlaytimeBin_Short(<30m)', 'Rating_2')",728,4.6137271056467455,0.7301905717151455,1.0538440529674635
MinPlayersBin_Duo,"('YearBin_Classic', 'WeightBin_Easy')",1511,9.576018759110209,0.729951690821256,1.0534992892589956
MinPlayersBin_Duo,"('PopularityBin_LowPop', 'WeightBin_Easy')",1904,12.066670891691489,0.7289433384379785,1.0520439895008564
MinPlayersBin_Duo,"('YearBin_Old', 'PlaytimeBin_Medium(30-60m)')",880,5.577032765067495,0.7284768211920529,1.0513706907152112
MinPlayersBin_Duo,"('PlaytimeBin_Short(<30m)', 'WeightBin_Easy')",3091,19.589327587299575,0.7278078643748528,1.0504052219858047
MinPlayersBin_Duo,"('Rating_1', 'PopularityBin_MedPop', 'WeightBin_Easy')",851,5.393244185309589,0.7261092150170648,1.0479536544182078
MinPlayersBin_Duo,"('YearBin_Classic', 'PlaytimeBin_Short(<30m)', 'Rating_2')",628,3.979973382343621,0.7260115606936416,1.047812715282628
MinPlayersBin_Duo,"('Is_familygames', 'PopularityBin_HighPop', 'Rating_2')",602,3.815197414284809,0.7235576923076923,1.0442711814619114
MinPlayersBin_Duo,"('YearBin_Classic', 'PopularityBin_HighPop')",1003,6.3565498447303375,0.7231434751261716,1.0436733644942706
MinPlayersBin_Duo,"('PopularityBin_LowPop', 'PlaytimeBin_Medium(30-60m)')",1128,7.148741998859243,0.7221510883482715,1.042241107019791
MinPlayersBin_Duo,"('Rating_1', 'PlaytimeBin_Medium(30-60m)', 'WeightBin_Easy')",730,4.626402180112808,0.7213438735177866,1.0410760980734615
MinPlayersBin_Duo,"('PopularityBin_MedPop', 'PlaytimeBin_Short(<30m)', 'WeightBin_Easy')",1029,6.52132581278915,0.7190775681341719,1.0378052636594803
MinPlayersBin_Duo,"('YearBin_Classic', 'PopularityBin_HighPop', 'Rating_2')",590,3.739146967488434,0.7177615571776156,1.0359059371357904
MinPlayersBin_Duo,"('YearBin_Classic', 'PopularityBin_MedPop')",942,5.9699600735154315,0.7163498098859316,1.0338684396039617
MinPlayersBin_Duo,"('YearBin_Modern', 'Rating_1')",686,4.347550541859434,0.7160751565762005,1.0334720475272905
MinPlayersBin_Duo,"('PopularityBin_MedPop', 'PlaytimeBin_Short(<30m)')",1444,9.151403764497116,0.7155599603567889,1.0327284930458036
MinPlayersBin_Duo,"('PlaytimeBin_Medium(30-60m)', 'WeightBin_Medium', 'Rating_2')",707,4.48063882375309,0.7127016129032258,1.0286031967438032
MinPlayersBin_Duo,"('PlaytimeBin_Short(<30m)', 'Rating_2', 'WeightBin_Easy')",1459,9.246466822992586,0.7120546608101513,1.0276694862273281
MinPlayersBin_Duo,"('PlaytimeBin_Short(<30m)', 'Rating_2')",2070,13.118702072374674,0.7115847370230319,1.0269912709673852
MinPlayersBin_Duo,"('YearBin_Classic', 'Rating_2')",1380,8.745801381583117,0.7098765432098766,1.024525928410193
MinPlayersBin_Duo,"('HasExpansions', 'WeightBin_Medium', 'Rating_2')",562,3.5616959249635594,0.7095959595959596,1.0241209774503472
MinPlayersBin_Duo,"('YearBin_Classic', 'Rating_2', 'WeightBin_Easy')",652,4.132074275936371,0.7094668117519043,1.023934585441626
MinPlayersBin_Duo,"('PopularityBin_LowPop', 'PlaytimeBin_Medium(30-60m)', 'WeightBin_Easy')",623,3.948285696178465,0.7087599544937428,1.0229144170819326
MinPlayersBin_Duo,"('PopularityBin_HighPop', 'PlaytimeBin_Short(<30m)', 'WeightBin_Easy')",967,6.128398504341213,0.7084249084249085,1.022430863444309
MinPlayersBin_Duo,"('YearBin_Modern', 'PlaytimeBin_Short(<30m)')",1267,8.029659674250587,0.7066369213608478,1.0198503596590887
MinPlayersBin_Duo,"('Is_familygames', 'MaxPlayersBin_MidGroup')",662,4.195449648266684,0.7065101387406617,1.0196673812484132
MinPlayersBin_Duo,"('YearBin_Modern', 'PlaytimeBin_Short(<30m)', 'WeightBin_Easy')",822,5.209455605551683,0.7061855670103093,1.0191989446497458
MinPlayersBin_Duo,"('YearBin_Modern', 'PopularityBin_LowPop')",860,5.45028202040687,0.7049180327868853,1.0173695819394735
MinPlayersBin_Duo,"('YearBin_Modern', 'PlaytimeBin_Short(<30m)', 'Rating_2')",707,4.48063882375309,0.7048853439680958,1.017322403957979
MinPlayersBin_Duo,"('PopularityBin_LowPop', 'Rating_2')",1408,8.923252424107991,0.703648175912044,1.0155368670736433
MinPlayersBin_Duo,"('PopularityBin_HighPop', 'PlaytimeBin_Short(<30m)', 'Rating_2', 'WeightBin_Easy')",561,3.5553583877305277,0.7030075187969925,1.0146122417541155
MinPlayersBin_Duo,"('PopularityBin_HighPop', 'PlaytimeBin_Short(<30m)', 'Rating_2')",676,4.284175169529121,0.7027027027027027,1.014172317382781
MinPlayersBin_Duo,"('WeightBin_Medium', 'MaxPlayersBin_SmallGroup')",1264,8.010647062551493,0.7026125625347415,1.0140422230161608
MinPlayersBin_Duo,"('PopularityBin_HighPop', 'PlaytimeBin_Short(<30m)')",1165,7.383230876481399,0.7013847080072245,1.0122701278373727
MinPlayersBin_Duo,"('WeightBin_Easy',)",5206,32.99321883516066,0.7011447811447812,1.011923854539788
MinPlayersBin_Duo,"('PopularityBin_MedPop', 'PlaytimeBin_Short(<30m)', 'Rating_2')",666,4.220799797198809,0.7010526315789474,1.011790860119291
MinPlayersBin_Duo,"('MaxPlayersBin_Solo/Duo', 'Rating_3')",722,4.575701882248558,0.7009708737864078,1.0116728635759378
